지점,지점명,일시,최대 순간 풍속(m/s),최대 순간 풍속 풍향(16방위),최대 순간풍속 시각(hhmi),최대 풍속(m/s),최대 풍속 풍향(16방위),최대 풍속 시각(hhmi),평균 풍속(m/s),풍정합(100m),최다풍향(16방위)
108,서울,2020-01-01,4.8,50,906,2.6,50,904,.6,509,50
108,서울,2020-01-02,6.7,250,1437,4,290,1525,1.2,996,50
108,서울,2020-01-03,5.8,270,1122,3.5,270,1422,1.7,1508,290
108,서울,2020-01-04,8.5,340,1206,4.5,320,1228,1.9,1623,50
108,서울,2020-01-05,4.4,180,1312,2.9,70,2335,1.1,985,50
108,서울,2020-01-06,8.8,70,1505,5.4,70,1739,3.1,2705,70
108,서울,2020-01-07,9.5,90,2015,6.3,70,1846,4,3413,70
108,서울,2020-01-08,11.8,250,49,6.3,270,550,3.3,2875,270
108,서울,2020-01-09,7.2,270,1049,4.3,320,1223,2.3,1971,290
108,서울,2020-01-10,5.5,320,1810,3.7,320,1408,1.5,1300,290
108,서울,2020-01-11,7,320,1949,4.8,340,1956,1.9,1619,290
108,서울,2020-01-12,6.8,290,1714,4.1,290,1216,2.4,2031,290
108,서울,2020-01-13,8.3,270,1404,4.9,320,1218,2.3,1992,290
108,서울,2020-01-14,5.5,320,1516,3.3,320,1428,1.6,1387,290
108,서울,2020-01-15,8,290,1411,4.5,320,1418,1.9,1673,270
108,서울,2020-01-16,6.9,320,1709,4.4,340,1714,1.6,1417,320
108,서울,2020-01-17,6.7,320,1952,3.8,320,1927,1.5,1311,290
108,서울,2020-01-18,6.8,290,1636,4.2,270,1739,1.8,1569,270
108,서울,2020-01-19,10.9,290,1243,6.1,320,1459,2.2,1862,270
108,서울,2020-01-20,10.4,290,1759,5.7,270,1636,2.5,2202,270
108,서울,2020-01-21,5.6,70,1038,3.5,320,142,1.4,1209,320
108,서울,2020-01-22,6.3,70,1524,3.2,90,1602,1.7,1479,50
108,서울,2020-01-23,6.9,320,1313,4.7,320,1938,2,1701,290
108,서울,2020-01-24,6.4,320,1648,3.7,320,1737,1.7,1508,290
108,서울,2020-01-25,6.8,320,1941,3.9,320,1851,1.5,1309,290
108,서울,2020-01-26,11.1,90,2122,6.1,70,1948,2.7,2342,70
108,서울,2020-01-27,13.7,90,720,7,70,1649,4.6,3987,70
108,서울,2020-01-28,8.8,70,2030,5.4,70,2028,2.6,2263,50
108,서울,2020-01-29,5.8,50,947,3.6,70,1921,2.1,1837,70
108,서울,2020-01-30,5.7,290,1748,3,320,1433,1.8,1513,70
108,서울,2020-01-31,8.1,230,1545,4.4,270,1435,2.3,2022,270
108,서울,2020-02-01,7.7,320,1434,4.7,270,1457,1.7,1505,290
108,서울,2020-02-02,7.3,290,1815,4.7,320,1821,1.8,1564,290
108,서울,2020-02-03,9,290,1419,5.7,270,1448,3.1,2705,270
108,서울,2020-02-04,10.8,340,2351,6.2,340,2059,2.8,2376,320
108,서울,2020-02-05,10.2,320,50,5.5,320,154,3.3,2869,320
108,서울,2020-02-06,7,290,2005,4,290,2018,1.9,1615,290
108,서울,2020-02-07,6.9,340,1523,3.5,320,1440,2,1693,290
108,서울,2020-02-08,8.9,270,1538,5.3,340,1200,3,2608,320
108,서울,2020-02-09,8,230,1553,4.4,270,1314,2,1726,270
108,서울,2020-02-10,7.8,360,1334,4.2,320,1312,1.7,1475,290
108,서울,2020-02-11,5.7,90,847,3.6,70,852,1.6,1410,50
108,서울,2020-02-12,7.9,70,1150,5,70,1226,2.2,1906,70
108,서울,2020-02-13,5.3,200,1127,3.2,200,1506,1.7,1461,290
108,서울,2020-02-14,4.9,320,127,3,200,1438,1.2,998,290
108,서울,2020-02-15,9,320,2035,5,70,456,2.7,2350,70
108,서울,2020-02-16,11.5,270,1400,6.6,270,1407,4,3423,270
108,서울,2020-02-17,9.4,320,1659,5.6,320,1702,3.4,2963,320
108,서울,2020-02-18,6.6,290,916,4.1,290,1458,2.3,1968,290
108,서울,2020-02-19,5.4,250,1415,3.2,270,1504,1.5,1293,50
108,서울,2020-02-20,6,270,1454,3.3,290,1444,1.7,1465,50
108,서울,2020-02-21,9.7,250,2049,5.3,250,2050,2.2,1862,200
108,서울,2020-02-22,14.4,290,1319,8.2,320,1324,4,3453,270
108,서울,2020-02-23,8.1,290,1434,4.2,270,1435,2,1759,270
108,서울,2020-02-24,6.2,250,1442,3.4,230,1445,1.6,1415,50
108,서울,2020-02-25,12.4,90,1646,6.8,70,1603,4.2,3601,70
108,서울,2020-02-26,6.6,70,24,4,340,1411,2.1,1817,50
108,서울,2020-02-27,7,200,1740,4.4,250,1747,2,1709,70
108,서울,2020-02-28,8.1,250,1020,4.2,230,1028,1.4,1172,50
108,서울,2020-02-29,6.4,270,1449,4.2,270,1658,1.7,1445,50
108,서울,2020-03-01,8.3,320,2236,4.7,270,1529,2,1731,270
108,서울,2020-03-02,9.3,290,526,4.9,290,451,2.7,2303,290
108,서울,2020-03-03,8,270,1547,4.7,320,1747,2.6,2222,70
108,서울,2020-03-04,11.7,250,1112,6.8,270,1118,3.7,3208,270
108,서울,2020-03-05,7.6,200,1258,4.1,270,1401,2.5,2165,270
108,서울,2020-03-06,6,180,1452,3.6,200,1454,1.6,1355,50
108,서울,2020-03-07,6.3,290,1748,4.1,270,1624,2,1751,70
108,서울,2020-03-08,7,270,1740,4.6,270,1754,1.6,1356,290
108,서울,2020-03-09,7.3,320,2053,4.5,320,1942,1.8,1528,320
108,서울,2020-03-10,8.7,290,1840,5.3,290,1841,2.8,2408,290
108,서울,2020-03-11,9.6,290,1006,5.5,320,956,3.3,2867,270
108,서울,2020-03-12,10.2,290,1632,5.4,230,1624,2.5,2192,250
108,서울,2020-03-13,9.1,340,1954,5.4,340,1959,3.3,2857,320
108,서울,2020-03-14,11.9,230,1400,6.8,230,1543,3,2608,250
108,서울,2020-03-15,14.4,270,1533,7.8,320,1507,3.6,3135,320
108,서울,2020-03-16,9.8,200,1711,5.2,250,1634,2.8,2382,250
108,서울,2020-03-17,9,230,1810,5.2,230,1614,2.1,1798,230
108,서울,2020-03-18,8.1,200,1530,4.4,230,1538,1.8,1529,250
108,서울,2020-03-19,16.3,270,1130,8.2,250,1636,4.8,4114,270
108,서울,2020-03-20,13,230,1547,6.6,270,1450,3.1,2715,200
108,서울,2020-03-21,8.6,320,1819,5.1,290,1821,2,1720,180
108,서울,2020-03-22,10.2,320,1455,5.6,320,1248,3,2590,290
108,서울,2020-03-23,9.6,320,1544,4.8,270,1641,1.9,1642,270
108,서울,2020-03-24,7,290,1656,4,200,1254,1.8,1551,270
108,서울,2020-03-25,8.3,290,1547,5.3,320,1632,1.9,1610,290
108,서울,2020-03-26,7.3,180,1743,5.3,160,1746,1.9,1655,70
108,서울,2020-03-27,10.3,250,1624,5.8,320,1129,3.3,2843,290
108,서울,2020-03-28,10.1,360,558,5.5,340,641,3.2,2757,360
108,서울,2020-03-29,7.4,270,1638,4.6,290,1729,2,1733,290
108,서울,2020-03-30,6.8,290,1340,4.1,270,1801,1.8,1560,270
108,서울,2020-03-31,7.4,340,1403,4.4,290,1521,2,1709,270
108,서울,2020-04-01,11.9,290,1520,7.3,270,1437,3.7,3227,290
108,서울,2020-04-02,9.8,270,1502,5.5,270,1533,2.3,1985,250
108,서울,2020-04-03,9.4,290,1611,5.7,270,1628,2.7,2303,270
108,서울,2020-04-04,12.8,270,1650,6.3,290,1657,3.4,2970,290
108,서울,2020-04-05,9.7,200,1638,5.4,230,1629,2.8,2380,270
108,서울,2020-04-06,10.2,250,1508,5.9,270,1516,2.4,2116,290
108,서울,2020-04-07,8.4,200,1639,5.1,270,1524,2.5,2123,270
108,서울,2020-04-08,11.2,340,1214,5.9,340,1124,3.5,2999,290
108,서울,2020-04-09,10.2,250,1529,5.7,250,1707,2.8,2381,270
108,서울,2020-04-10,7.5,290,1557,4.1,290,1619,2.4,2103,290
108,서울,2020-04-11,8.6,230,1444,4.9,270,1804,2.5,2118,290
108,서울,2020-04-12,13.4,70,1326,7.4,90,1333,3.8,3273,90
108,서울,2020-04-13,9.8,90,1244,5.5,50,1536,3.1,2676,70
108,서울,2020-04-14,10,250,1437,5.3,270,1501,2.4,2035,290
108,서울,2020-04-15,9.2,290,1528,5.6,290,1645,2.2,1920,290
108,서울,2020-04-16,8,320,1753,4.5,320,1800,2.3,1989,90
108,서울,2020-04-17,9.4,160,820,4.8,140,828,2.4,2085,110
108,서울,2020-04-18,8,290,1636,4.8,270,1656,2.6,2252,320
108,서울,2020-04-19,8.6,70,2044,5.2,90,2037,2.7,2300,90
108,서울,2020-04-20,14.2,270,1626,6.8,270,1621,3.3,2885,250
108,서울,2020-04-21,17,230,1435,8.9,290,1739,4.4,3798,290
108,서울,2020-04-22,12.5,290,1145,6.4,290,1325,4,3451,290
108,서울,2020-04-23,12.9,320,1223,7.9,250,1535,3.7,3232,290
108,서울,2020-04-24,16,250,1303,8.2,270,1303,3.9,3342,270
108,서울,2020-04-25,15,230,1050,7.8,250,1050,3.9,3339,250
108,서울,2020-04-26,10.8,290,1730,6.5,290,1714,3.2,2776,290
108,서울,2020-04-27,11.2,270,1620,5.5,290,1541,2.8,2422,320
108,서울,2020-04-28,10,250,1456,5.5,230,1204,3,2579,250
108,서울,2020-04-29,8.6,290,1349,5.2,320,1412,2.6,2205,290
108,서울,2020-04-30,10,230,2236,5.9,290,1517,2.7,2352,250
108,서울,2020-05-01,9.9,290,1752,5.5,290,1726,2.7,2328,270
108,서울,2020-05-02,7.6,290,1437,4.6,230,111,2.3,1985,290
108,서울,2020-05-03,7.2,140,1224,3.9,160,1242,2,1705,90
108,서울,2020-05-04,8.7,270,1317,4.6,270,1247,2.7,2310,290
108,서울,2020-05-05,8.8,230,1346,5.3,250,1354,1.9,1601,290
108,서울,2020-05-06,8,20,1538,4.4,320,1623,2.1,1850,70
108,서울,2020-05-07,9.5,140,930,4.3,90,319,2.5,2167,90
108,서울,2020-05-08,7.9,290,1529,4.5,290,1514,2.4,2109,160
108,서울,2020-05-09,11,90,333,5.9,90,615,3.6,3085,90
108,서울,2020-05-10,7.1,250,1534,4.1,250,1556,2.5,2183,250
108,서울,2020-05-11,10.1,250,1424,5.6,290,1456,3,2622,250
108,서울,2020-05-12,12.2,230,1641,5.4,320,1907,2.9,2531,250
108,서울,2020-05-13,12.1,290,1304,6.5,290,1613,2.8,2459,270
108,서울,2020-05-14,6.9,290,1352,4.3,340,1557,2,1685,90
108,서울,2020-05-15,13.2,160,425,5.3,180,432,3,2629,90
108,서울,2020-05-16,4.9,70,10,3.3,90,1,1.6,1364,290
108,서울,2020-05-17,7.7,340,448,4.3,320,456,1.7,1511,320
108,서울,2020-05-18,16.4,290,1556,7.2,290,1607,2.4,2093,140
108,서울,2020-05-19,12.9,70,1503,7.2,70,1436,3.2,2798,50
108,서울,2020-05-20,6,50,1207,3,90,2110,1.9,1635,90
108,서울,2020-05-21,6.1,90,539,3.3,90,609,2.1,1830,90
108,서울,2020-05-22,8,160,950,4.9,290,1742,1.9,1616,290
108,서울,2020-05-23,8.3,290,1703,4.7,270,1703,2.2,1865,290
108,서울,2020-05-24,12.8,270,728,6.5,270,727,2.9,2484,230
108,서울,2020-05-25,6,250,1424,3.8,290,1623,2.1,1774,320
108,서울,2020-05-26,8.8,320,1503,5.4,320,1511,2.1,1828,290
108,서울,2020-05-27,9.3,290,1623,5.9,290,1804,2.6,2273,320
108,서울,2020-05-28,7.3,270,1332,3.9,290,1338,1.9,1656,320
108,서울,2020-05-29,6.7,180,1449,4.1,180,1452,2,1705,290
108,서울,2020-05-30,7,340,1724,4.3,320,1725,1.9,1652,290
108,서울,2020-05-31,8.6,340,1857,5.7,320,1901,2.3,2012,320
108,서울,2020-06-01,12.3,320,1205,6.2,290,1239,3.4,2974,290
108,서울,2020-06-02,9.1,160,1340,4.1,250,1629,2.2,1889,290
108,서울,2020-06-03,8.8,290,1948,5.6,290,2005,2.4,2061,290
108,서울,2020-06-04,7.7,250,1416,4.7,270,1429,2.7,2334,250
108,서울,2020-06-05,6.7,320,1826,3.8,290,1845,1.8,1593,290
108,서울,2020-06-06,7.8,290,1646,4.4,290,1730,2,1685,290
108,서울,2020-06-07,7.3,180,1105,5.1,200,1110,2.3,1991,290
108,서울,2020-06-08,8.8,290,1759,5.5,290,1824,2.1,1831,290
108,서울,2020-06-09,7.9,340,1622,4.3,290,1538,2.3,1965,320
108,서울,2020-06-10,9.8,270,1755,6.2,340,1747,2,1750,290
108,서울,2020-06-11,7.2,270,2022,4.6,290,2022,2.2,1935,290
108,서울,2020-06-12,4.7,340,424,3,320,424,1.7,1467,290
108,서울,2020-06-13,8.4,290,1946,5,290,1946,1.9,1639,290
108,서울,2020-06-14,10.1,320,1822,5.9,290,1627,2.9,2510,270
108,서울,2020-06-15,13.4,250,1538,6.3,290,1616,2.8,2427,270
108,서울,2020-06-16,6.9,250,1652,4.4,270,1651,2.2,1923,290
108,서울,2020-06-17,7.9,230,1626,4.3,290,1644,2,1701,290
108,서울,2020-06-18,5.6,290,1840,3.4,290,1845,1.6,1407,320
108,서울,2020-06-19,7.1,50,56,4.2,290,1901,2.1,1821,70
108,서울,2020-06-20,7.9,270,1542,4.6,320,1616,2.1,1853,290
108,서울,2020-06-21,8.4,290,1515,4.5,290,1518,2,1713,320
108,서울,2020-06-22,6.7,290,1700,4.1,290,1807,2,1698,290
108,서울,2020-06-23,5.7,250,1428,3.7,250,1430,1.9,1602,270
108,서울,2020-06-24,10,110,702,5.7,140,1005,2.7,2359,50
108,서울,2020-06-25,7.1,180,1510,4.3,180,2126,2.2,1909,180
108,서울,2020-06-26,9.5,200,315,5.3,230,323,3.2,2786,230
108,서울,2020-06-27,8.3,250,1642,5.4,290,1759,2,1696,250
108,서울,2020-06-28,7.7,270,1641,4.7,250,1646,2.4,2059,270
108,서울,2020-06-29,9.9,50,2257,5.9,50,2337,2.4,2069,50
108,서울,2020-06-30,14.5,50,220,7.6,50,232,4,3443,320
108,서울,2020-07-01,6.1,320,10,3.7,320,26,1.9,1625,270
108,서울,2020-07-02,5.4,230,2110,3.4,270,1802,1.9,1605,110
108,서울,2020-07-03,10.5,140,1446,6.1,160,1527,2.6,2259,50
108,서울,2020-07-04,7.4,270,1648,4.4,250,1632,2.1,1808,270
108,서울,2020-07-05,5.5,270,1335,3.5,250,1731,1.9,1645,250
108,서울,2020-07-06,7.7,340,1711,4.7,320,1711,2.1,1798,270
108,서울,2020-07-07,6.6,320,2206,4,290,1553,2.5,2156,270
108,서울,2020-07-08,6.4,250,1356,3.7,290,1439,2,1754,270
108,서울,2020-07-09,6.3,160,1247,3.6,320,1923,1.7,1480,110
108,서울,2020-07-10,11.3,20,1609,6.6,50,1555,2.8,2451,50
108,서울,2020-07-11,10,20,1257,5,50,2043,2.6,2275,50
108,서울,2020-07-12,7.5,70,2358,3.6,50,2233,2.4,2051,70
108,서울,2020-07-13,11,50,2100,5.9,50,2121,4,3466,70
108,서울,2020-07-14,8.6,50,220,4.4,50,1347,2.8,2391,50
108,서울,2020-07-15,6.8,50,1514,3.4,50,1336,2,1687,50
108,서울,2020-07-16,6.2,250,1801,3.5,270,1543,1.8,1562,270
108,서울,2020-07-17,9.6,250,1604,5.6,270,1619,1.9,1660,250
108,서울,2020-07-18,6.4,320,1653,4,290,1657,1.6,1406,270
108,서울,2020-07-19,8.4,110,2148,4.3,50,1033,2.7,2364,50
108,서울,2020-07-20,13.4,180,601,7,200,610,3.7,3226,200
108,서울,2020-07-21,6.6,250,1723,4.2,250,1729,1.6,1392,270
108,서울,2020-07-22,5.6,160,1655,3.4,140,1633,1.6,1402,50
108,서울,2020-07-23,14.9,70,2021,8.3,50,1954,3.6,3136,50
108,서울,2020-07-24,16.1,50,109,8.7,50,109,4.6,3944,50
108,서울,2020-07-25,11.3,50,1437,6.1,50,1428,3.1,2703,50
108,서울,2020-07-26,5.9,20,53,3.3,50,952,2,1767,50
108,서울,2020-07-27,5.7,20,1243,3.2,50,1656,2.2,1861,50
108,서울,2020-07-28,5.4,70,1219,3.1,50,1256,2,1734,50
108,서울,2020-07-29,6.7,50,524,3.4,70,524,2,1694,50
108,서울,2020-07-30,7.7,180,1351,3.8,200,1342,2.1,1774,230
108,서울,2020-07-31,8.2,320,2341,4.6,290,2348,2,1701,250
108,서울,2020-08-01,9,180,1952,4.9,180,1948,1.7,1490,230
108,서울,2020-08-02,14.6,250,1538,7.5,250,1543,2.3,2002,180
108,서울,2020-08-03,14.5,200,21,8.3,180,25,3,2626,200
108,서울,2020-08-04,11,180,1402,5.7,200,724,3.5,3043,200
108,서울,2020-08-05,8,200,915,4.6,160,1651,1.9,1654,50
108,서울,2020-08-06,13.1,200,544,6.5,200,545,3.3,2851,200
108,서울,2020-08-07,6.9,110,1126,3.3,110,1800,1.8,1521,50
108,서울,2020-08-08,7.5,110,1055,3.7,70,852,2.3,1949,70
108,서울,2020-08-09,12.4,180,1256,6.8,200,1241,2.6,2278,200
108,서울,2020-08-10,10.2,200,341,4.3,200,348,2,1731,200
108,서울,2020-08-11,9.1,250,500,4.7,200,411,2.2,1858,200
108,서울,2020-08-12,6.7,200,1834,4.3,200,1840,1.9,1637,50
108,서울,2020-08-13,8.7,200,2026,4.9,200,2050,2.5,2169,200
108,서울,2020-08-14,10.9,230,1306,5.7,230,1306,3.5,3065,200
108,서울,2020-08-15,10.5,180,651,5.6,230,655,1.9,1641,200
108,서울,2020-08-16,10,250,1454,5.2,230,1524,3,2613,200
108,서울,2020-08-17,7.1,320,1711,4.1,290,1657,2.3,1996,200
108,서울,2020-08-18,5.4,270,1728,3.6,270,1533,1.6,1375,270
108,서울,2020-08-19,7.6,290,1446,4.4,290,1427,2,1727,270
108,서울,2020-08-20,7.1,290,1913,4.2,270,1620,1.7,1457,250
108,서울,2020-08-21,7.4,290,943,3.5,290,947,1.6,1344,50
108,서울,2020-08-22,8.4,90,1259,5.5,340,1259,2.1,1792,50
108,서울,2020-08-23,6.2,250,1549,3.9,250,1552,1.9,1604,270
108,서울,2020-08-24,8.5,180,1329,4.9,230,1549,2.2,1866,50
108,서울,2020-08-25,7.6,180,1456,4.6,320,1722,2.1,1822,200
108,서울,2020-08-26,13.9,70,2344,6.5,70,2352,3.4,2931,70
108,서울,2020-08-27,15.6,140,535,7,110,510,3.6,3101,110
108,서울,2020-08-28,7.4,230,1418,4.4,250,1433,1.6,1411,270
108,서울,2020-08-29,7.4,160,1057,4,160,1100,1.3,1122,50
108,서울,2020-08-30,8.1,50,2311,4.8,50,2253,2.1,1800,200
108,서울,2020-08-31,8.2,110,1427,4.3,50,24,2.8,2410,50
108,서울,2020-09-01,7.5,110,9,3.6,90,9,1.9,1627,110
108,서울,2020-09-02,7.6,50,1542,4,50,1543,2.3,1970,50
108,서울,2020-09-03,21.5,290,829,9.8,270,722,4.8,4121,200
108,서울,2020-09-04,9.7,180,358,5.6,200,405,2.7,2316,200
108,서울,2020-09-05,5.8,110,1756,3.5,110,1838,2,1685,50
108,서울,2020-09-06,9.7,70,1952,4.8,50,1957,2.7,2301,50
108,서울,2020-09-07,15.3,20,1109,7.9,320,1059,4.2,3664,50
108,서울,2020-09-08,15.4,250,731,7,250,734,4.2,3616,230
108,서울,2020-09-09,13.1,320,1327,7.6,320,1332,2.1,1803,180
108,서울,2020-09-10,7.3,180,1455,4.2,180,1501,2,1722,50
108,서울,2020-09-11,9.7,110,1342,4.9,50,2045,2.8,2438,50
108,서울,2020-09-12,8,70,229,3.9,50,230,2,1743,50
108,서울,2020-09-13,6.1,340,1538,3.5,320,1507,1.9,1663,50
108,서울,2020-09-14,7.4,290,1728,4.3,290,1732,1.8,1581,270
108,서울,2020-09-15,5.9,160,1346,3.3,180,1447,1.6,1414,50
108,서울,2020-09-16,6.1,180,1445,3.4,200,1451,1.9,1644,180
108,서울,2020-09-17,6.3,320,1555,3.7,290,1603,2.1,1854,270
108,서울,2020-09-18,12.4,230,1421,6,230,1423,2.8,2453,250
108,서울,2020-09-19,9.6,290,1640,5.3,270,1637,2.2,1919,250
108,서울,2020-09-20,8.2,290,1440,4.9,270,1442,2,1700,290
108,서울,2020-09-21,5.3,160,1238,2.9,160,1239,1.7,1433,50
108,서울,2020-09-22,9.2,110,2102,4.6,50,2138,2.8,2400,50
108,서울,2020-09-23,9.5,50,1707,5.3,50,1344,3.3,2879,50
108,서울,2020-09-24,10.8,20,1223,5.7,50,1236,3.7,3175,50
108,서울,2020-09-25,8.4,50,1553,4.9,50,1518,2.5,2120,50
108,서울,2020-09-26,10.5,20,1617,6.2,50,1619,2.4,2114,50
108,서울,2020-09-27,5.6,320,1804,3.9,320,1808,2,1731,50
108,서울,2020-09-28,6.1,250,1454,3.6,270,1704,2,1733,50
108,서울,2020-09-29,6.8,250,1148,4.3,290,1216,1.9,1614,290
108,서울,2020-09-30,6,250,1849,4.1,250,1848,1.7,1509,20
108,서울,2020-10-01,8.7,200,1714,4.7,230,1705,2.1,1781,50
108,서울,2020-10-02,9.7,180,1030,5.2,180,1034,2.3,1959,180
108,서울,2020-10-03,5.6,270,1518,3.6,270,1522,1.6,1379,270
108,서울,2020-10-04,13.7,320,1802,7.2,320,1803,2.8,2427,270
108,서울,2020-10-05,10,320,1524,5.1,290,1352,2.5,2181,270
108,서울,2020-10-06,7.8,250,1124,4.1,290,1114,2,1746,290
108,서울,2020-10-07,7.1,160,1350,3.4,50,1359,1.9,1673,50
108,서울,2020-10-08,9.7,50,1723,5.4,50,1729,3.1,2648,50
108,서울,2020-10-09,9.5,110,1240,5.2,50,1518,3,2561,70
108,서울,2020-10-10,6.8,110,920,3.8,20,1116,2,1749,70
108,서울,2020-10-11,6.6,50,238,4.1,50,244,1.8,1594,50
108,서울,2020-10-12,7.5,200,1523,4.6,250,1544,2.2,1912,250
108,서울,2020-10-13,8,320,1315,4.7,270,1319,2.2,1911,270
108,서울,2020-10-14,9.4,250,1413,5.8,270,1500,2.4,2052,290
108,서울,2020-10-15,5.5,290,39,3.7,270,47,1.5,1284,50
108,서울,2020-10-16,3.9,290,1328,2.5,50,754,1.5,1320,50
108,서울,2020-10-17,7.2,250,1528,4.3,270,1353,1.8,1595,270
108,서울,2020-10-18,7.1,270,1507,3.9,290,1529,2,1746,20
108,서울,2020-10-19,6,250,1522,3.4,250,1655,1.7,1457,20
108,서울,2020-10-20,4.9,290,1434,3.1,250,1438,1.6,1341,20
108,서울,2020-10-21,6.2,180,1504,3.8,160,1511,1.9,1653,50
108,서울,2020-10-22,10.4,340,2020,5.7,320,2028,2.8,2436,50
108,서울,2020-10-23,10,270,1337,5.5,290,1321,3,2566,270
108,서울,2020-10-24,11,290,1242,5.9,290,1212,2.5,2150,270
108,서울,2020-10-25,6.3,250,1123,3.8,250,1318,1.7,1483,20
108,서울,2020-10-26,6.7,290,1409,4.4,320,1417,1.6,1406,20
108,서울,2020-10-27,5.7,290,1411,3.4,320,1516,1.8,1573,270
108,서울,2020-10-28,9.1,320,1449,4.8,270,1507,2.5,2196,270
108,서울,2020-10-29,7.2,340,112,4.5,320,104,2,1694,270
108,서울,2020-10-30,5.6,110,1053,3.2,90,1101,1.5,1284,50
108,서울,2020-10-31,10.2,200,1408,5,230,1414,2.6,2235,200
108,서울,2020-11-01,10.8,160,909,4.5,200,808,2.3,1947,200
108,서울,2020-11-02,8.7,290,1452,4.9,250,1455,2.3,2006,270
108,서울,2020-11-03,15.6,290,1155,8.4,290,1156,3.5,3032,270
108,서울,2020-11-04,7.4,250,27,4.2,290,1045,2.3,1965,270
108,서울,2020-11-05,4.5,50,757,3,180,1415,1.8,1559,50
108,서울,2020-11-06,5.3,180,1501,3.3,200,1525,1.7,1478,50
108,서울,2020-11-07,10.1,250,1539,4.9,270,1539,2.7,2349,230
108,서울,2020-11-08,12,340,1948,6.2,320,1950,3.1,2636,270
108,서울,2020-11-09,6.9,290,1050,4,290,1046,1.8,1562,270
108,서울,2020-11-10,8,250,1550,5,290,1231,2.2,1872,270
108,서울,2020-11-11,4.1,180,1452,2.6,180,1458,1.6,1362,50
108,서울,2020-11-12,6.2,180,1348,3.4,200,1353,1.7,1460,20
108,서울,2020-11-13,4.9,200,1418,3,250,1421,1.6,1421,20
108,서울,2020-11-14,6.7,110,1227,4,110,1248,1.7,1434,50
108,서울,2020-11-15,6.2,290,1424,3.7,290,1143,1.7,1480,20
108,서울,2020-11-16,6.2,70,2222,4.1,50,2304,1.6,1395,50
108,서울,2020-11-17,6.9,50,126,4.5,50,108,2.3,2017,70
108,서울,2020-11-18,6,20,1159,3.6,50,1050,2.6,2233,50
108,서울,2020-11-19,13.4,180,516,7.3,230,834,4.2,3657,270
108,서울,2020-11-20,9.7,320,211,5.6,270,231,3.2,2797,290
108,서울,2020-11-21,8.1,90,1227,4.8,50,450,2.1,1844,50
108,서울,2020-11-22,9.5,290,1822,5.7,290,1823,2.5,2160,270
108,서울,2020-11-23,8,320,245,4.9,320,241,2.3,2023,290
108,서울,2020-11-24,5.3,290,1918,3.8,290,1920,1.8,1558,20
108,서울,2020-11-25,4.9,290,1257,3,290,1323,1.5,1282,270
108,서울,2020-11-26,6.3,320,1813,3.6,340,407,1.7,1488,270
108,서울,2020-11-27,9,270,1437,5.3,250,1218,2.7,2331,270
108,서울,2020-11-28,8.7,290,1258,5.3,290,1304,2.8,2453,290
108,서울,2020-11-29,7.4,290,1923,4.5,290,1426,2.2,1892,270
108,서울,2020-11-30,6.6,250,1324,4.6,290,1301,1.9,1683,270
108,서울,2020-12-01,6.1,250,1449,4,250,1415,1.9,1644,290
108,서울,2020-12-02,5.6,290,1500,3.9,290,1506,1.8,1518,270
108,서울,2020-12-03,8.3,250,1553,4.9,320,2055,2.7,2333,290
108,서울,2020-12-04,6.8,270,1532,4.3,250,1535,1.8,1558,290
108,서울,2020-12-05,6.3,290,1258,3.9,320,1234,1.7,1506,20
108,서울,2020-12-06,7.7,270,1505,4.3,270,1507,1.8,1539,50
108,서울,2020-12-07,10.2,340,1555,5.6,290,1314,2.6,2206,270
108,서울,2020-12-08,6.3,320,132,3.9,320,820,2,1711,320
108,서울,2020-12-09,4.6,50,833,3,50,842,1.5,1308,50
108,서울,2020-12-10,6.5,180,1505,3.5,250,1451,1.7,1451,50
108,서울,2020-12-11,7.7,270,1652,4.5,250,1549,1.8,1531,270
108,서울,2020-12-12,8.7,290,1451,4.8,290,1457,2.1,1798,270
108,서울,2020-12-13,11.4,290,1930,6.1,290,1833,2.9,2529,270
108,서울,2020-12-14,9.8,320,1418,5.3,290,1410,3.4,2953,290
108,서울,2020-12-15,9.1,320,1455,5.2,320,1450,2.8,2394,290
108,서울,2020-12-16,8.3,290,1324,4.6,290,1406,2.6,2258,290
108,서울,2020-12-17,5.6,320,1149,3.7,290,1151,1.7,1478,20
108,서울,2020-12-18,9.9,340,2030,5.4,320,2034,3,2566,50
108,서울,2020-12-19,9.3,320,1413,5.1,290,1422,2.4,2067,270
108,서울,2020-12-20,7.6,320,1302,4.4,290,1303,2,1734,270
108,서울,2020-12-21,6.7,340,1347,3.7,250,1444,1.6,1415,20
108,서울,2020-12-22,9.3,250,1500,4.7,270,1326,2,1735,20
108,서울,2020-12-23,9.1,230,1537,5.1,230,1527,2.3,2005,50
108,서울,2020-12-24,11.7,290,1321,6.5,290,1311,2.9,2546,270
108,서울,2020-12-25,9.1,270,1407,4.7,290,1456,2.1,1791,250
108,서울,2020-12-26,6.7,250,1417,3.9,270,1422,1.8,1575,20
108,서울,2020-12-27,5,70,1429,2.8,50,833,1.8,1569,70
108,서울,2020-12-28,5.9,270,1840,3.1,290,1738,1.4,1226,50
108,서울,2020-12-29,10.2,290,2034,6.1,320,2046,2.9,2464,270
108,서울,2020-12-30,10.6,290,1021,6.2,270,34,4.1,3529,270
108,서울,2020-12-31,7.4,320,1406,4.2,250,1452,2.4,2105,270
